Id,Number,State,Duration,EventType,PullRequestNumber,StartedAt,FinishedAt,BranchName,CommitSha,CreatedBy
664764554,21422,passed,5876,pull_request,20789,2020-03-20T09:16:38Z,2020-03-20T09:49:06Z,master,1f02dec90c61bed7551f4e6d2343279b626c73db,holiman
664753652,21421,errored,8949,push,,2020-03-20T09:07:08Z,2020-03-20T09:25:06Z,master,e943f07a858b2eb3a47fbee32cd2d5b6c19ed0da,fjl
664747673,21420,failed,145,pull_request,20787,2020-03-20T08:16:15Z,2020-03-20T08:18:40Z,master,dff030cbab89a02eb62c1fae432ca35cb019a984,holiman
664739360,21419,failed,136,pull_request,20787,2020-03-20T07:44:00Z,2020-03-20T07:46:16Z,master,d477a48e3466a865842b28d1a06fde2c64bb4d59,holiman
664734824,21418,failed,5191,pull_request,20787,2020-03-20T07:22:29Z,2020-03-20T07:56:19Z,master,d250f2e5296d8f7c4f355ef8d2ac506b20846f88,holiman
664626447,21417,failed,139,pull_request,20787,2020-03-19T22:41:23Z,2020-03-19T22:43:42Z,master,b576e735ed80f1cd88ee754968abb37e0613e217,chfast
664613165,21416,passed,6301,pull_request,20788,2020-03-20T06:37:38Z,2020-03-20T07:00:28Z,master,2e96c392c5a099374b6287737992c8aaced932c3,gballet
664568702,21415,failed,141,pull_request,20788,2020-03-19T20:01:03Z,2020-03-19T20:03:24Z,master,16dfe20e6923dde599eecd7f3f177e834e399c24,gballet
664542128,21414,failed,142,pull_request,20787,2020-03-19T18:55:44Z,2020-03-19T18:58:06Z,master,39ccb108e80237cffb8d9c41fd7b515b3a45d055,chfast
664332882,21413,failed,130,pull_request,20783,2020-03-19T10:32:17Z,2020-03-19T10:34:27Z,master,6d45560e583b579422d47896bb38823abfc9f4fb,holiman
664311641,21412,failed,7258,pull_request,20782,2020-03-19T09:33:01Z,2020-03-19T10:18:23Z,master,f7185efca4a82acb3657b581113da5372a55fd67,holiman
664310331,21411,passed,5946,pull_request,20782,2020-03-19T09:28:50Z,2020-03-19T09:59:49Z,master,53cd18c9f348b7fda34360eacf1ea284ef477305,holiman
664286492,21410,failed,9046,push,,2020-03-19T08:07:13Z,2020-03-19T08:41:54Z,master,0e6ea9199ca701ee4c96220e873884327c8d18ff,karalabe
664118627,21409,failed,137,pull_request,20619,2020-03-18T20:49:40Z,2020-03-18T20:51:57Z,master,04a19d21e725451713e55d3b5e817aa419cf95f0,holiman
664069183,21408,passed,5954,pull_request,20782,2020-03-18T18:53:52Z,2020-03-18T19:50:22Z,master,3064c468685bc5e36fc1fde575c7152751ba02c6,holiman
664042318,21407,failed,142,pull_request,20619,2020-03-18T17:19:16Z,2020-03-18T17:21:38Z,master,b8f03743ee8ea70f4dde894b29ac11f071580f88,holiman
663971549,21406,failed,9402,push,,2020-03-18T14:44:31Z,2020-03-18T15:34:41Z,master,36e93d2dd8c0ba705036de70b58edd133d10dd36,karalabe
663945151,21405,failed,6109,pull_request,20781,2020-03-18T13:47:24Z,2020-03-18T14:28:07Z,master,3835cbc061b2c606b5925c844bd6fefeed4413fb,karalabe
663937620,21404,failed,9113,push,,2020-03-18T13:23:58Z,2020-03-18T14:05:04Z,master,4655b60999b91d3d35d52e4526074ce903deaac9,karalabe
663926087,21403,errored,4807,pull_request,20780,2020-03-18T12:52:11Z,2020-03-18T13:28:18Z,master,26de197b0a26ea61453514ee589c918f733fde7a,karalabe
663924101,21402,canceled,0,pull_request,20780,,2020-03-18T12:35:33Z,master,c2ae34d4845eac318ff2d02f92dd4f8f8ebe19ab,karalabe
663920070,21401,failed,9086,push,,2020-03-18T12:23:24Z,2020-03-18T13:07:13Z,master,6283391c9939d71934520200dd6ef9e77920d3ab,fjl
663914271,21400,failed,6038,pull_request,20779,2020-03-18T11:56:21Z,2020-03-18T12:28:04Z,master,d99cf52562d9110a0f455c3cf54ec7d31324d003,meowsbits
663865922,21399,failed,9198,push,,2020-03-18T09:52:35Z,2020-03-18T10:41:00Z,master,5dd0cd12ec05bd2ced2ab1317168b0b991344fc2,karalabe
663859704,21398,failed,140,pull_request,20619,2020-03-18T09:35:38Z,2020-03-18T09:37:58Z,master,b918490a82b2f882bf0ab123681ae90390083c13,holiman
663854586,21397,failed,9058,push,,2020-03-18T09:18:38Z,2020-03-18T09:51:59Z,master,efd92d81a9655a5aed17cc433d1f8d2c9dcce25c,fjl
663840012,21396,failed,5962,pull_request,20761,2020-03-18T08:24:20Z,2020-03-18T08:56:32Z,master,4a42ee7e4764554543cef3b61e68b862217b33f6,holiman
663730516,21395,failed,6270,pull_request,20777,2020-03-17T23:26:39Z,2020-03-18T00:09:12Z,master,7b396ad7353e8a27ed5e1999922525389a766404,moreati
663686344,21394,failed,6126,pull_request,20776,2020-03-17T21:05:27Z,2020-03-17T21:52:28Z,master,13a5ca630a638d64fd6fe72a0072ec5f39caab31,meowsbits
663683454,21393,passed,6113,pull_request,20718,2020-03-17T20:57:48Z,2020-03-17T21:43:46Z,master,7bc17128e36a46e8a37fb6ac1356c69456879be5,adamschmideg
663662643,21392,failed,6138,pull_request,20302,2020-03-17T20:15:35Z,2020-03-17T21:09:07Z,master,0bbc6528408621eddbe49780d6322607eff5ef93,holiman
663524204,21391,passed,6079,pull_request,20774,2020-03-17T14:24:00Z,2020-03-17T14:56:29Z,master,1acfd98497af48d482665db4416accb3a541d649,holiman
663497747,21390,failed,6326,pull_request,20718,2020-03-17T14:33:21Z,2020-03-17T15:14:39Z,master,59bcaf1c5a6ceeb9d0430c6007848ef21ebcf087,adamschmideg
663494100,21389,failed,137,pull_request,20718,2020-03-17T13:08:51Z,2020-03-17T13:11:08Z,master,8f2dd26e13c1972858f82a3545e4a3107000971b,adamschmideg
663454620,21388,passed,5989,pull_request,20774,2020-03-17T11:14:27Z,2020-03-17T11:45:25Z,master,e314d7acc46a9b42ee85d1227ea8d8d4a24b2977,holiman
663453794,21387,failed,1122,pull_request,20774,2020-03-17T11:12:21Z,2020-03-17T11:20:37Z,master,1319ff3753cc1495e632ccf73d9711e00b1fa3da,holiman
663450022,21386,failed,139,pull_request,20774,2020-03-17T10:59:50Z,2020-03-17T11:02:09Z,master,a10ea9be95cf81744bbb2b88c4a2ce6c4dc255f0,holiman
663074993,21385,errored,5661,pull_request,20771,2020-03-16T13:54:41Z,2020-03-16T14:25:55Z,master,adcc9243cafe4d41519b6a8596447f6d0c41064e,meowsbits
663069676,21384,failed,135,pull_request,20769,2020-03-16T13:40:26Z,2020-03-16T13:42:41Z,master,179260dd637225788272ec3c8e545b5d12f7be2a,bitterlox
663030986,21383,errored,8328,push,,2020-03-16T12:14:54Z,2020-03-16T13:10:24Z,v1.9.12,b6f1c8dcc058a936955eb8e5766e2962218924bc,karalabe
663030821,21382,errored,8626,push,,2020-03-16T12:38:07Z,2020-03-16T12:52:14Z,master,8d7aa9078f8a94c2c10b1d11e04242df0ea91e5b,karalabe
663030195,21381,errored,7289,push,,2020-03-16T12:22:38Z,2020-03-16T12:40:05Z,release/1.9,b6f1c8dcc058a936955eb8e5766e2962218924bc,karalabe
663025604,21380,canceled,0,push,,,2020-03-16T11:31:33Z,v1.9.12,6a62fe399b68ab9e3625ef5e7900394f389adc3a,karalabe
663003195,21379,errored,6324,pull_request,20152,2020-03-16T10:20:30Z,2020-03-16T10:56:10Z,master,40b22f8d62734b208962d645927639444063e7dc,karalabe
662988098,21378,failed,8758,push,,2020-03-16T09:34:01Z,2020-03-16T10:05:35Z,master,97243f3a7657a302dca45910429b9b6d198259f4,holiman
662976949,21377,failed,7305,pull_request,20152,2020-03-16T08:58:24Z,2020-03-16T09:39:10Z,master,4b8c87290128cecbd34a5a5e69693bd2711a896b,karalabe
662969746,21376,failed,7751,push,,2020-03-16T08:37:30Z,2020-03-16T09:09:47Z,snapshot-5,241b28369013e72a1fcf5c0a38578a0dbbdb6c89,rjl493456442
662920045,21375,failed,6021,pull_request,20764,2020-03-16T05:18:53Z,2020-03-16T05:52:07Z,master,7ff9c5f15bf03b1ce14313f41802252652f36487,rjl493456442
662912998,21374,passed,5771,pull_request,20764,2020-03-16T04:42:59Z,2020-03-16T05:13:18Z,master,ecfd0c998740d761e536a24f48491b3712601da8,rjl493456442
662872344,21373,passed,5933,pull_request,20767,2020-03-16T00:56:28Z,2020-03-16T01:29:08Z,master,fe83e61af2687a72b0073a0e75e4a4ac1c57390b,winsvega
662760991,21372,failed,139,pull_request,20152,2020-03-15T16:54:41Z,2020-03-15T16:57:00Z,master,ae26030f7617530bae18a7d9b776119d50275c9a,holiman
662760422,21371,failed,143,pull_request,20152,2020-03-15T16:51:50Z,2020-03-15T16:54:13Z,master,087b6e426b0c87f497704d91ba360aff9074b78f,holiman
662621548,21370,passed,5790,pull_request,20764,2020-03-15T06:31:07Z,2020-03-15T07:02:10Z,master,4d8c1601ad02130c1f391d0146fc5d53b40a47f6,rjl493456442
662404674,21369,failed,5937,pull_request,20484,2020-03-14T14:19:26Z,2020-03-14T14:53:00Z,master,3fd99439266b3e921c2325bcddf78b841721cac3,bmhjyu
662396854,21368,failed,132,pull_request,20764,2020-03-14T13:44:00Z,2020-03-14T13:46:12Z,master,04b2a70ddf8d27e53fb24410a1a43435f761670f,rjl493456442
662377750,21367,failed,8741,push,,2020-03-14T12:24:21Z,2020-03-14T12:58:13Z,master,241b28369013e72a1fcf5c0a38578a0dbbdb6c89,karalabe
662374660,21366,passed,5768,pull_request,20747,2020-03-14T12:10:20Z,2020-03-14T12:41:08Z,master,6ee01be223c4ec40ac7320203ad7422feadb765d,karalabe
662370585,21365,failed,9238,push,,2020-03-14T11:53:22Z,2020-03-14T12:25:58Z,master,68b4b74682dd7b81ab921666d0e3eed56cdc838c,karalabe
662328481,21364,failed,5843,pull_request,20761,2020-03-14T08:28:34Z,2020-03-14T09:00:30Z,master,2139b6eed62d942246bc57ef37cb505a647e1664,holiman
662201189,21363,failed,140,pull_request,20619,2020-03-13T23:02:59Z,2020-03-13T23:05:19Z,master,1f00c79ca086df894fd3dece28cd6e614161b793,gcolvin
662166985,21362,failed,6087,pull_request,20762,2020-03-13T21:53:15Z,2020-03-13T22:25:17Z,master,f1103c9e41881de28e8006e116a9986352fd2e09,karalabe
662009546,21361,failed,144,pull_request,20619,2020-03-13T15:25:24Z,2020-03-13T15:27:48Z,master,83356e5e7173a1b8861520bf1c96f41d9a35be12,holiman
662007389,21360,failed,175,pull_request,20761,2020-03-13T15:20:53Z,2020-03-13T15:23:48Z,master,f9666d95c3f94b2b80e2926a67662ebe737f9b56,holiman
661967030,21359,failed,178,pull_request,20619,2020-03-13T14:00:46Z,2020-03-13T14:03:44Z,master,fde71a0255255cc10b865a41bce90fa2a107d4a9,holiman
661957296,21358,canceled,0,pull_request,20619,,2020-03-13T13:40:40Z,master,54a9a87ac3189bde12af0da981b0869e4c187ae6,holiman
661910999,21357,failed,6312,pull_request,20619,2020-03-13T10:46:37Z,2020-03-13T11:22:35Z,master,3509b18a5888f3f17a0376da48e0ebe1af19a1d0,holiman
661908539,21356,failed,140,pull_request,20619,2020-03-13T10:40:12Z,2020-03-13T10:42:32Z,master,bb95ae3bbe5f22f5ce9834c8138f81d779776692,holiman
661899072,21355,failed,141,pull_request,20619,2020-03-13T10:08:49Z,2020-03-13T10:11:10Z,master,4eca8bf5af89dc6dea5490aacbed67a710794a0a,holiman
661881552,21354,failed,6230,pull_request,20750,2020-03-13T09:12:47Z,2020-03-13T09:46:03Z,master,b3bf60c995178e96a669e16013af3cb8ea528420,fjl
661867495,21353,failed,139,pull_request,20619,2020-03-13T08:23:22Z,2020-03-13T08:25:41Z,master,12431a87f1cae2c1b47384c565314de85fb540a5,holiman
661862510,21352,failed,176,pull_request,20619,2020-03-13T08:03:00Z,2020-03-13T08:05:56Z,master,0dd46f21b3dc967a7eb3bd5b6feb3219abd54b18,holiman
661810338,21351,failed,6070,pull_request,19706,2020-03-13T03:51:51Z,2020-03-13T04:27:43Z,master,a41b032ecc025084aab13a6252b6f9d92d3535b9,rjl493456442
661467592,21350,failed,9010,push,,2020-03-12T10:26:29Z,2020-03-12T11:16:10Z,master,92f3405daebe2f2bc8962c565bbb89616e1b30e3,fjl
661467364,21349,failed,9096,push,,2020-03-12T10:25:21Z,2020-03-12T10:59:39Z,master,b1efff659e82a1f137a4b70fcd2a67c09237cef5,fjl
661107866,21348,failed,134,pull_request,20758,2020-03-11T14:32:38Z,2020-03-11T14:34:52Z,master,8e5a9a9661d6f73559b9ff84b28b9875425a353e,zsfelfoldi
661014882,21347,passed,5850,pull_request,20741,2020-03-11T10:43:41Z,2020-03-11T11:14:46Z,master,bd83ec18a18374213fae07962d758a98f6d0e721,fjl
661012895,21346,failed,6121,pull_request,20752,2020-03-11T10:28:12Z,2020-03-11T11:02:42Z,master,b4eb86fff7b47e25bbd2d04785a105981c110ccc,fjl
660919419,21345,failed,143,pull_request,20619,2020-03-11T03:59:29Z,2020-03-11T04:01:52Z,master,afb245df457df7365d7e605f726755e23fb05a8e,gcolvin
660584710,21344,failed,6073,pull_request,20752,2020-03-10T11:46:36Z,2020-03-10T12:18:30Z,master,0cb074b1e47d4fb4bb72418d5fdf16ab1de5a17f,fjl
660555103,21343,failed,6124,pull_request,20741,2020-03-10T10:21:53Z,2020-03-10T11:15:50Z,master,fd9cd1dcade545fa36a19dbdb675b55b508c75e2,rjl493456442
660549070,21342,failed,9010,push,,2020-03-10T10:21:43Z,2020-03-10T11:07:48Z,master,0bdb21f0cb9fe73a02b61aeedbbae5b57fc337ae,fjl
659942992,21341,failed,5982,pull_request,20750,2020-03-09T00:07:12Z,2020-03-09T00:37:46Z,master,be5c8d58e1d82ce74d4ebba39f990fab885fd861,fjl
659888075,21340,failed,5963,pull_request,20750,2020-03-08T19:52:16Z,2020-03-08T20:23:10Z,master,73b93f47c8da96ca9acbb591731c2b56950aefdb,fjl
659877430,21339,failed,5990,pull_request,20750,2020-03-08T18:59:39Z,2020-03-08T19:30:15Z,master,7fed748751bd4e3ba4d4de0159b5e4d9dd918a98,fjl
659817117,21338,failed,6192,pull_request,20750,2020-03-08T14:28:39Z,2020-03-08T15:02:37Z,master,5ad3fb62f74ea60406e952dd8d62df62cfebf101,fjl
659814468,21337,failed,136,pull_request,20750,2020-03-08T14:17:48Z,2020-03-08T14:20:04Z,master,6ea22487c42e06f7e17aa71df685b847831e023f,fjl
659652398,21336,failed,138,push,,2020-03-07T22:26:35Z,2020-03-07T22:28:53Z,discover-v5-to-master,7a3c8878c4d633d0c21d3a6c952e1d570066b3b4,fjl
659204344,21335,passed,6162,pull_request,20747,2020-03-06T15:47:47Z,2020-03-06T16:12:55Z,master,3c6e6899b084875cab1ede37a4f091840a2c39ff,karalabe
659196566,21334,passed,5975,pull_request,20746,2020-03-06T14:57:41Z,2020-03-06T15:29:07Z,master,27d0884103940a9d0737f7a6f95e20404b2247cc,meowsbits
659140773,21333,passed,6295,pull_request,20745,2020-03-06T12:45:52Z,2020-03-06T13:18:43Z,master,6707e1d13d1baca8b652bb50a69cd9941f056069,meowsbits
659126269,21332,failed,140,pull_request,20152,2020-03-06T12:06:13Z,2020-03-06T12:08:33Z,master,9ef164689508a1bedec26efd9a6e91bbd9e8ca94,karalabe
658704939,21331,failed,144,pull_request,20517,2020-03-05T14:14:42Z,2020-03-05T14:17:06Z,master,febb71ed1d84725ddc64738d92b5ae545e8c11be,zsfelfoldi
658387175,21330,failed,149,pull_request,20517,2020-03-04T20:18:38Z,2020-03-04T20:21:07Z,master,6c471a381f80be9d620de595628a120c90191a25,zsfelfoldi
658212764,21329,failed,6317,pull_request,20718,2020-03-04T13:21:50Z,2020-03-04T14:02:43Z,master,970dfa858eb6b6e6bcb05febb7b63f0dcbdc4ded,adamschmideg
658206444,21328,errored,6799,pull_request,20152,2020-03-04T13:07:17Z,2020-03-04T13:40:30Z,master,24986cdbc4de2f5abb2ec86ade45d0b46fc7904b,karalabe
658195326,21327,failed,141,pull_request,20152,2020-03-04T12:39:53Z,2020-03-04T12:42:14Z,master,8e211d7637bcf3d20fd62d0c8791d3927abaded5,karalabe
658195137,21326,failed,139,pull_request,20152,2020-03-04T12:39:22Z,2020-03-04T12:41:41Z,master,ee68f9e359a4fd5c86641a1c226049d22085543e,karalabe
658181107,21325,failed,6242,pull_request,20718,2020-03-04T11:57:02Z,2020-03-04T12:31:07Z,master,64a0419c583a25c643732eef3b4ee061dc174738,adamschmideg
658112623,21324,failed,144,pull_request,20202,2020-03-04T08:37:50Z,2020-03-04T08:40:14Z,master,1c7798402c7c454676c24daa552afcd51e0b90f4,rjl493456442
658108458,21323,errored,6661,pull_request,20152,2020-03-04T08:23:25Z,2020-03-04T08:55:26Z,master,8ccf407cfffa70b7f97edeeb0be0d5a8f692fffc,karalabe
658108242,21322,failed,135,pull_request,20741,2020-03-04T08:22:48Z,2020-03-04T08:25:03Z,master,ef498b48028d6b2bc97fda431f58fd70d45b901d,rjl493456442
658107987,21321,failed,1098,pull_request,20152,2020-03-04T08:21:55Z,2020-03-04T08:28:32Z,master,be7ded4b95511a6aa2a42b19b26827b8b44c7982,karalabe
657787281,21320,errored,6962,pull_request,20152,2020-03-03T14:56:02Z,2020-03-03T15:33:06Z,master,7d361b64b24be434d1e68a9f18ee549f5e9c1d0c,karalabe
657757886,21319,errored,6690,pull_request,20152,2020-03-03T13:53:12Z,2020-03-03T14:25:38Z,master,f80d1eb2eecc19025024f463d0d228e9bb2a6d3f,karalabe
657753647,21318,failed,142,pull_request,20544,2020-03-03T13:43:12Z,2020-03-03T13:45:34Z,master,e4af51d655c5410df6b68474313fa1e9d73f39d5,rjl493456442
657668508,21317,failed,6104,pull_request,20718,2020-03-03T09:39:36Z,2020-03-03T10:12:36Z,master,69c7000293fb65659163d3b8c2f057e238167e40,adamschmideg
657657942,21316,errored,7822,pull_request,20738,2020-03-03T09:08:55Z,2020-03-03T10:03:16Z,master,117ed194fa8a77d98f7b808324cdf6dee59e0431,holiman
657646110,21315,failed,143,pull_request,20544,2020-03-03T08:30:28Z,2020-03-03T08:32:51Z,master,cdac71afc40b29037831ebf733033f0e0b3d0c3c,rjl493456442
657626981,21314,errored,6624,pull_request,20152,2020-03-03T07:17:53Z,2020-03-03T07:50:02Z,master,acf9ad87e487b848a4fd80b98d06b8acb637d0b9,karalabe
657625656,21313,failed,180,pull_request,20152,2020-03-03T07:12:37Z,2020-03-03T07:15:37Z,master,de54af1031f05c87b2067f82e858f2b928a0e421,karalabe
657617082,21312,failed,143,pull_request,20544,2020-03-03T06:30:49Z,2020-03-03T06:33:12Z,master,32f2ba1b53e6cf6333caaf7d4ee2fe4710984e03,rjl493456442
657616018,21311,passed,5987,pull_request,20736,2020-03-03T06:25:41Z,2020-03-03T06:56:57Z,master,2624a35f53d373611c4a486f03ec62b94dcaee9b,rjl493456442
657407445,21310,failed,6056,pull_request,20735,2020-03-10T09:32:41Z,2020-03-10T10:00:35Z,master,26d1ddf277f8c1b5dd2a2eae7b82e59d95eeafb4,gballet
657392866,21309,failed,9491,push,,2020-03-02T17:21:05Z,2020-03-02T18:06:47Z,master,556888c4a971d4fd02be15f09cba7a65c5c0d930,karalabe
657285720,21308,failed,6154,pull_request,20152,2020-03-02T13:07:47Z,2020-03-02T13:39:37Z,master,99613d5afcdc17ebb5b4ee5c47188a6b21e1d78c,holiman
657278727,21307,failed,6137,pull_request,20152,2020-03-02T12:50:43Z,2020-03-02T13:30:58Z,master,bf88170e978d791fef523ea76565794e3a374b91,holiman
657228040,21306,failed,6208,pull_request,17731,2020-03-02T10:21:41Z,2020-03-02T10:55:31Z,master,40f67fd2ea9cc0f2ff4c845584733d51de6127fd,holiman
657198923,21305,failed,5696,pull_request,17731,2020-03-02T09:01:41Z,2020-03-02T09:33:54Z,master,f17481c725fca8d7739b12a0cc9ac81d68f57064,holiman
657194667,21304,failed,141,pull_request,17731,2020-03-02T08:51:07Z,2020-03-02T08:53:28Z,master,e7a693a8014f34eb6ece291ef9c4518e9d08f94d,holiman
657152011,21303,failed,136,pull_request,20544,2020-03-02T06:12:10Z,2020-03-02T06:14:26Z,master,3b24c0f13c1ed2ebb036f7bdf5634be51637bbf7,rjl493456442
656530464,21302,failed,5995,pull_request,20517,2020-02-29T02:09:22Z,2020-02-29T02:41:06Z,master,921873421a226ed4e018248d36e24844f2c4680b,zsfelfoldi
656487911,21301,passed,6028,pull_request,20730,2020-02-28T23:17:24Z,2020-02-28T23:48:59Z,master,aa55a1eb0bb24ec785e78b01032560bd5d9697f6,aliatiia
656479612,21300,failed,108,pull_request,20729,2020-02-28T22:49:38Z,2020-02-28T22:51:26Z,master,7bf81c700de65cb35c062d2704c128a559a963f7,aliatiia
656263062,21299,failed,9681,push,,2020-02-28T13:43:32Z,2020-02-28T14:18:52Z,master,01d92531ee0993c0e6e5efe877a1242bfd808626,fjl
656248987,21298,failed,5934,pull_request,20728,2020-02-28T13:08:16Z,2020-02-28T13:39:35Z,master,aff872f0f45865f8e32309207cda08ad7c906c46,renaynay
655791232,21297,passed,6218,pull_request,20152,2020-02-27T13:04:53Z,2020-02-27T13:36:12Z,master,ddf4448e1cc0cdd64cb1d4005c7b801e9b44e1a4,karalabe
655771163,21296,failed,9201,push,,2020-02-27T12:10:52Z,2020-02-27T12:49:14Z,master,1e1b18637e83991d3fe7ec048ef22174e75c5bd4,karalabe
655768074,21295,failed,9217,push,,2020-02-27T11:59:35Z,2020-02-27T12:34:00Z,master,f1a7997af38bb992d1a75c49ceb952117d3548ec,karalabe
655748756,21294,failed,6150,pull_request,20724,2020-02-27T10:52:30Z,2020-02-27T11:25:44Z,master,4915ec386d54e3ae493597b7d0cb8bb47c25f5df,fjl
655742076,21293,passed,6130,pull_request,20723,2020-02-27T10:31:41Z,2020-02-27T11:02:34Z,master,1565231240dfb9da1a627bad788e9f72db8d7f70,adamschmideg
655737261,21292,failed,9253,push,,2020-02-27T10:19:48Z,2020-02-27T10:50:48Z,master,cec1f292f0ba6fe5c0ebce505cec69c0efc86d4d,karalabe
655732521,21291,failed,64,push,,2020-02-27T10:02:26Z,2020-02-27T10:03:30Z,adamschmideg-patch-1,c19937adb6fea259f739395bb5c9c1dd4ea683aa,fjl
655731934,21290,failed,106,push,,2020-02-27T10:00:53Z,2020-02-27T10:02:39Z,adamschmideg-patch-1,ea74f3a1384cbef9491fd9ca3c84551e5a3d59bf,adamschmideg
655727591,21289,failed,5884,pull_request,20721,2020-02-27T09:48:57Z,2020-02-27T10:16:53Z,master,8946b6b407f23df3b6f086d7920bf5f5efa1863c,fjl
655715499,21288,failed,6066,pull_request,20719,2020-03-02T14:27:34Z,2020-03-02T14:55:44Z,master,7cee4a1663301aa47e634a77066f52139b7da1d0,adamschmideg
655657802,21287,failed,148,pull_request,20692,2020-02-27T05:10:16Z,2020-02-27T05:12:44Z,master,e52f88d3cb32899c1a4f773fb2990edae61ddea9,rjl493456442
655653822,21286,failed,136,pull_request,20692,2020-02-27T04:49:40Z,2020-02-27T04:51:56Z,master,4cbe4135ced8d505844a122d8d2193b3c2c225e5,rjl493456442
655398828,21285,failed,6377,pull_request,20720,2020-02-26T15:19:12Z,2020-02-26T15:47:10Z,master,1ae7aa510b456855385d7b7f28c3bc4d0bf293a5,adamschmideg
655384731,21284,failed,6287,pull_request,20719,2020-02-26T14:44:18Z,2020-02-26T15:16:09Z,master,75c0e3d46c84e84663a8802fe81683dbe0e5df15,adamschmideg
655364986,21283,failed,137,pull_request,20692,2020-02-26T14:07:31Z,2020-02-26T14:09:48Z,master,41eacda013a802eba9c8bde3de3ab2548260a1dc,rjl493456442
655357073,21282,failed,6131,pull_request,20718,2020-02-26T13:31:47Z,2020-02-26T14:02:45Z,master,36c7b4d98a54ae884c89faf0f915ac1f50f36c1d,adamschmideg
655273452,21281,failed,9067,push,,2020-02-26T09:41:55Z,2020-02-26T10:14:05Z,master,4fabd9cbd2b8fc6bdc643fefb5ea583c5019171c,karalabe
654985305,21280,failed,9777,push,,2020-02-25T17:03:07Z,2020-02-25T17:51:11Z,master,fadf84a75251ca0487c169c0906bedfe995767e4,fjl
654898021,21279,failed,6381,pull_request,20702,2020-02-25T13:48:05Z,2020-02-25T14:35:00Z,master,3a9ec98f4b5516f6cf83257f987e849cf4b05691,fjl
654838893,21278,failed,6080,pull_request,20152,2020-02-25T10:57:09Z,2020-02-25T11:30:18Z,master,410346754cd8fc3b7d54f93368a56d5b523e6bdf,karalabe
654815618,21277,failed,9396,push,,2020-02-25T09:50:34Z,2020-02-25T10:29:56Z,master,2a5ed1a1d3920a8a81aa5dfff21b148ee4f1107e,karalabe
654400133,21276,failed,6092,pull_request,20152,2020-02-24T14:14:24Z,2020-02-24T14:35:31Z,master,c5e42d403810070dcc39b88b2cbe611abfeb0281,karalabe
654399296,21275,failed,9229,push,,2020-02-24T13:04:11Z,2020-02-24T13:40:23Z,master,bf1cdd723ad527cce147710f95b852e599a08b76,karalabe
654398055,21274,errored,27,pull_request,20712,2020-02-27T11:52:43Z,2020-02-27T11:53:10Z,master,bfe39f57f6f5ec7d5db9dac6a8f9beb51b2bda7f,karalabe
654380598,21273,failed,5990,pull_request,20152,2020-02-24T12:10:52Z,2020-02-24T12:41:51Z,master,cbe2c90070272b6a8d1c2a607c4a6655e0b666b8,karalabe
654377434,21272,failed,173,pull_request,20152,2020-02-24T11:59:57Z,2020-02-24T12:02:50Z,master,6ddb2a3122f5d9b6bfc43a144e8d56d2d08b8c64,karalabe
654373583,21271,failed,143,pull_request,20152,2020-02-24T11:47:43Z,2020-02-24T11:50:06Z,master,4a29807945e060e40e215705c9b7a2be35f2b422,karalabe
654368641,21270,failed,182,pull_request,20152,2020-02-24T11:33:56Z,2020-02-24T11:36:58Z,master,4bf235ac2d3af168a3ae225815a93990ef813d85,karalabe
654367107,21269,failed,134,pull_request,20152,2020-02-24T11:27:57Z,2020-02-24T11:30:11Z,master,0763f6842cc0232b52c445427f5682cf4ab7aea8,karalabe
654238947,21268,failed,5963,pull_request,19991,2020-02-24T03:24:58Z,2020-02-24T03:55:30Z,master,0cea87e2c4c08258d6e534ac734a3b76368c3669,rjl493456442
653777704,21267,failed,6093,pull_request,20484,2020-02-22T10:02:18Z,2020-02-22T10:35:14Z,master,f0488f6de2cfb090c1a0e978af7fdd0b7586f6f4,bmhjyu
653775272,21266,passed,6026,pull_request,20484,2020-02-22T09:51:36Z,2020-02-22T10:24:05Z,master,b4eb23cac38b1e25f6df050e8add38aa352e5fa8,bmhjyu
653505815,21265,failed,9452,push,,2020-02-21T15:30:50Z,2020-02-21T16:03:52Z,master,6ffee2afd66892da1145f47e210210e6bf55c74a,holiman
653466582,21264,errored,7532,pull_request,20705,2020-02-21T14:01:39Z,2020-02-21T15:07:07Z,master,8633adcc932b506d82043e79a5bb408c8819b660,ChrisChinchilla
653466287,21263,failed,8456,push,,2020-02-21T14:00:04Z,2020-02-21T14:31:23Z,ChrisChinchilla-patch-3,8b6f5d4f722690e013956c2762e9c186992652de,ChrisChinchilla
653457546,21262,failed,174,pull_request,20152,2020-02-21T13:34:57Z,2020-02-21T13:37:51Z,master,452e17ac130623c62af32f7daec274f6183411fb,karalabe
653450452,21261,failed,137,pull_request,20152,2020-02-21T13:18:44Z,2020-02-21T13:21:01Z,master,93e9a9a9dfea2567f4ae33abe013ba97a363ff60,karalabe
653428359,21260,failed,63,push,,2020-02-21T12:19:54Z,2020-02-21T12:20:57Z,ChrisChinchilla-patch-2,2db54a4fa13259061a10a4c2c3ea599872d5422f,fjl
653391417,21259,failed,114,push,,2020-02-21T10:27:10Z,2020-02-21T10:29:04Z,ChrisChinchilla-patch-2,d322b3dc04c9fdb53f76ef0e6c582dacc2ff7794,ChrisChinchilla
653330949,21258,failed,6035,pull_request,20703,2020-02-21T07:03:37Z,2020-02-21T07:34:52Z,master,d1a43a79bb8c535f845fc8ca652a5d2da3845e57,rjl493456442
652954871,21257,failed,9545,push,,2020-02-20T12:06:24Z,2020-02-20T12:44:12Z,master,2e1ecc02bdf28a27e475386bc9f51452096bef4b,fjl
652947824,21256,failed,10039,push,,2020-02-20T11:47:12Z,2020-02-20T12:26:08Z,master,6df973df27ea72334efa4800e1e77f776fcf1c30,fjl
652943244,21255,failed,6066,pull_request,20702,2020-02-20T11:35:46Z,2020-02-20T12:11:41Z,master,f2baedfc6386337a139071f0e9e5c3c9d98cf65d,holiman
652939275,21254,failed,6022,pull_request,19645,2020-02-20T11:23:27Z,2020-02-20T11:54:29Z,master,903b4aade3c5f4669f105ba203b14d9229f6aa8d,holiman
652936264,21253,passed,6194,pull_request,20698,2020-02-20T11:15:28Z,2020-02-20T11:47:31Z,master,aeff004992a40498ef71ae0a633f653f74dac05b,rjl493456442
652903025,21252,failed,5983,pull_request,20700,2020-02-20T09:43:35Z,2020-02-20T10:11:56Z,master,380934c1a72c1ef1a5c27d0211659ece80245b55,gballet
652887926,21251,failed,6048,pull_request,20698,2020-02-20T08:54:19Z,2020-02-20T09:26:18Z,master,b8399253af8c41a61d0872af59ce081c0e36e2bc,rjl493456442
652856758,21250,failed,6312,pull_request,20698,2020-02-20T07:08:08Z,2020-02-20T07:36:51Z,master,014384df77455340dc5c78749b3c9109aab2c707,rjl493456442
652856372,21249,failed,5997,pull_request,20698,2020-02-20T07:03:33Z,2020-02-20T07:35:44Z,master,9651943bf9ac9e1b7f6be03967c87df9556ce15e,rjl493456442
652839382,21248,failed,5932,pull_request,20697,2020-02-20T05:52:34Z,2020-02-20T06:31:52Z,master,fde419d1210fefa925746b4604169d14352e8633,rjl493456442
652837342,21247,failed,5920,pull_request,20697,2020-02-20T05:43:26Z,2020-02-20T06:14:53Z,master,d70fd38358c609756daf03c99df7c70ce3ed9a2a,rjl493456442
652541222,21246,failed,7744,pull_request,20695,2020-02-19T15:50:56Z,2020-02-19T16:40:41Z,master,fdb4c343c81bc1df4ff458dec44aefe0f434aa08,fjl
652435717,21245,failed,178,pull_request,20692,2020-02-19T11:27:51Z,2020-02-19T11:30:49Z,master,8e2989e40f76dbd556256680a0bd0cbb457ba17b,rjl493456442
652425104,21244,failed,6060,pull_request,20691,2020-02-19T10:57:54Z,2020-02-19T11:29:42Z,master,70a2e8e7b7adced86b9f40d48e05ae86fdc73495,BurtonQin
652372307,21243,failed,6004,pull_request,20690,2020-02-19T08:38:54Z,2020-02-19T09:10:34Z,master,8b7cd030b158965d2a7fa68850eb6d303f02e3ef,BurtonQin
652337983,21242,failed,6034,pull_request,20533,2020-02-19T06:31:23Z,2020-02-19T07:03:07Z,master,3aa07d2cb87508814948a2055e8ff11b409bc4d9,rjl493456442
652302612,21241,failed,5968,pull_request,20667,2020-02-19T03:57:09Z,2020-02-19T04:28:24Z,master,a50c7be47df0c62a52d3851c6754e37ad70c4495,BurtonQin
652116236,21240,failed,6078,pull_request,20689,2020-02-18T18:36:47Z,2020-02-18T19:06:33Z,master,1e79411aba827d07af793a3704b01cee5e8090d6,holiman
651994914,21239,failed,9409,push,,2020-02-18T14:26:10Z,2020-02-18T15:16:48Z,master,4be88401200699a8afe0602e1a8624e6e10989c1,fjl
651941757,21238,failed,9148,push,,2020-02-18T12:15:49Z,2020-02-18T13:09:23Z,v1.9.11,6a62fe399b68ab9e3625ef5e7900394f389adc3a,karalabe
651934995,21237,failed,8052,push,,2020-02-18T11:43:10Z,2020-02-18T12:32:03Z,release/1.9,6a62fe399b68ab9e3625ef5e7900394f389adc3a,karalabe
651934899,21236,failed,9273,push,,2020-02-18T11:41:11Z,2020-02-18T12:15:33Z,master,529b81dadb3134005d3851ae8a163f43822bef01,karalabe
651932662,21235,failed,9313,push,,2020-02-18T11:24:32Z,2020-02-18T12:00:31Z,master,dae3aee5ff7ebcd24a50937a1d0ae080c2f1d897,karalabe
651929189,21234,failed,141,pull_request,19645,2020-02-18T11:14:02Z,2020-02-18T11:16:23Z,master,11b2b58871c719e62a9d1e8e4d36e4e2c0b4b8dc,holiman
651927551,21233,passed,5987,pull_request,20688,2020-02-18T11:09:44Z,2020-02-18T11:40:53Z,master,36cc13d05c7fecb46a6707bfe3b4d0e007f582dc,fjl
651881991,21232,failed,9081,push,,2020-02-18T08:57:28Z,2020-02-18T09:28:59Z,master,05ccbb5edd315bcb1b630a4a6bb86bdada18e4d9,karalabe
651881856,21231,errored,26,pull_request,20687,2020-02-18T08:57:05Z,2020-02-18T08:57:31Z,master,0a73bd39c5525f52abb885dd74f86ba0513845f7,karalabe
651680058,21230,failed,5979,pull_request,20646,2020-02-17T20:09:34Z,2020-02-17T20:41:13Z,master,78d8b5ce6c283fde41d03ba430839b35f050c400,GregTheGreek
651591376,21229,failed,9031,push,,2020-02-17T16:40:15Z,2020-02-17T17:28:47Z,master,91b228966e042d8fad36451d524bbf8b2abde690,karalabe
651591208,21228,canceled,0,push,,2020-02-17T16:33:39Z,2020-02-17T16:33:39Z,master,1b9c5b393b9a52078a25f426af6e1fcc5996ca67,fjl
651552302,21227,failed,6107,pull_request,20684,2020-02-17T15:10:29Z,2020-02-17T15:46:37Z,master,c620a0c9895814f8c810fd08b9c21c1a5ae10d78,fjl
651548553,21226,failed,141,pull_request,20683,2020-02-17T15:02:20Z,2020-02-17T15:04:41Z,master,659ca67d1b86fd40420be924c2f6aff0d67ecb88,dipingxian2
651530606,21225,failed,9266,push,,2020-02-17T14:31:06Z,2020-02-17T15:08:45Z,master,57d4898e2992a46fc2deab93a2666a2979b6704c,fjl
651523975,21224,failed,6277,pull_request,20302,2020-02-17T14:14:37Z,2020-02-17T14:56:04Z,master,b62970f0b757bd82deb4365c506e6dbd4bf70d9e,holiman
651497569,21223,passed,6156,pull_request,20682,2020-02-17T13:10:41Z,2020-02-17T13:42:35Z,master,7a776a2c7c9a3e4bdd328d2f210abc2cbf971453,fjl
651486519,21222,failed,9186,push,,2020-02-17T12:44:00Z,2020-02-17T13:31:29Z,master,c2117982b874cc3538e0a8a7e779423c9943e2b7,karalabe
651448056,21221,failed,9028,push,,2020-02-17T11:25:03Z,2020-02-17T11:59:42Z,master,1c4c486a85ef304e060da592bf46f81d015aa662,karalabe
651447899,21220,canceled,0,push,,,2020-02-17T11:22:58Z,master,ac7278776838ba4dc69f57f8dbbef219d8bc3b6f,karalabe
651445526,21219,canceled,0,push,,,2020-02-17T11:22:22Z,master,26284ec3cc0bb8d314fc740d976c9090b82ec07f,karalabe
651445150,21218,errored,26,pull_request,20681,2020-02-17T11:24:39Z,2020-02-17T11:25:05Z,master,5c979c80074e75a532228e1ba771ae9254d04c14,karalabe
651442691,21217,errored,4821,pull_request,20680,2020-02-17T11:07:56Z,2020-02-17T11:42:27Z,master,9afe84039b279e4233c1325e801bc21c291233b5,fjl
651441540,21216,failed,5942,pull_request,20679,2020-02-17T11:05:15Z,2020-02-17T11:35:42Z,master,1739b2d87e9b07092e015f149c54c62f6544fdcf,fjl
651420612,21215,failed,6256,pull_request,20678,2020-02-17T10:12:30Z,2020-02-17T10:45:35Z,master,e5b5282a44aadc90748f36e790e972008416893f,karalabe
651396099,21214,failed,6416,pull_request,20677,2020-02-17T09:08:21Z,2020-02-17T09:42:11Z,master,5ecc61f0599b0cea29b8cdbdd3bb8d928ad61018,islishude
651377020,21213,failed,144,pull_request,20654,2020-02-17T08:18:46Z,2020-02-17T08:21:10Z,master,a1085b6ff1eae31f786b9a3573f824202a96cf23,BurtonQin
651368228,21212,failed,6168,pull_request,20667,2020-02-17T07:53:31Z,2020-02-17T08:25:58Z,master,b01e3704b5c5982f4e646553d5da2edcf98e3304,BurtonQin
651056962,21211,failed,5963,pull_request,19991,2020-02-16T09:36:46Z,2020-02-16T10:07:48Z,master,a312a572a81dac23b9969f66765e2450c6a93d45,rjl493456442
650885486,21210,failed,9031,push,,2020-02-15T18:15:06Z,2020-02-15T18:48:03Z,master,37531b18847774a7f057496bc34f2a48053fa417,karalabe
650604089,21209,failed,5975,pull_request,20673,2020-02-14T20:32:12Z,2020-02-14T21:03:54Z,master,2c26fcd9343946544878800aa0ae7779c1452239,wbt
650353681,21208,failed,6111,pull_request,20669,2020-02-14T09:23:19Z,2020-02-14T09:57:57Z,master,7cf0287f1c48a4aa8afbcc7d8024ce7c07e4042f,BurtonQin
650345062,21207,failed,9100,push,,2020-02-14T08:54:25Z,2020-02-14T09:35:59Z,master,855690523a6bd98ce2eef9489d9f76cf2bc3868c,karalabe
650341954,21206,failed,6075,pull_request,20302,2020-02-14T08:44:39Z,2020-02-14T09:19:30Z,master,12e5f6ba89ce20b9120462fb6c26bc28a8613a5c,holiman
650338919,21205,failed,143,pull_request,20302,2020-02-14T08:34:18Z,2020-02-14T08:36:41Z,master,7d3bd022ae905af7bbcb91491ddb2e0088bdff25,holiman
650243198,21204,failed,6055,pull_request,20668,2020-02-14T01:57:49Z,2020-02-14T02:28:26Z,master,883f5834f7bd140a9584d5feccf6733696074383,BurtonQin
650017953,21203,passed,6308,pull_request,20669,2020-02-13T15:43:03Z,2020-02-13T16:15:16Z,master,6295c0d8d29549b055ef3ed2348f511ded33539f,BurtonQin
650014674,21202,failed,145,pull_request,20669,2020-02-13T15:35:51Z,2020-02-13T15:38:16Z,master,dc2f65fa06c1dc896c55c2d12dd43e8f58f75c10,BurtonQin
650005808,21201,failed,7759,pull_request,20668,2020-02-13T15:29:29Z,2020-02-13T16:03:32Z,master,e7a00925c1a112f6890d82583a0dfca600bb6d0e,BurtonQin
650001741,21200,passed,6726,pull_request,20667,2020-02-13T15:10:03Z,2020-02-13T15:51:42Z,master,95408a893eca5bd1297ea2fe863c2206317744c4,BurtonQin
649989749,21199,failed,138,pull_request,20667,2020-02-13T14:48:03Z,2020-02-13T14:50:21Z,master,75d91b3714b3b014f89cf5a7adc8768827d8788d,BurtonQin
649957912,21198,failed,9741,push,,2020-02-13T13:41:54Z,2020-02-13T14:33:46Z,master,38d1b0cba277db17129a4870158115c5a428cffc,karalabe
649953913,21197,canceled,3674,push,,2020-02-13T13:28:58Z,2020-02-13T13:41:36Z,master,eddcecc160b275cd53c1f288f1123bb828cab659,karalabe
649953642,21196,errored,28,pull_request,20234,2020-02-13T13:28:16Z,2020-02-13T13:28:44Z,master,4ce9340fda58b904e3b7b1da6fc6128c98323411,karalabe
649930494,21195,failed,6249,pull_request,20234,2020-02-13T12:31:15Z,2020-02-13T13:01:43Z,master,bddee43773b474c9cdcaeac68dfcb851370de59a,karalabe
649885876,21194,failed,5962,pull_request,20666,2020-02-13T10:29:39Z,2020-02-13T11:00:36Z,master,95a33ead858d0f2676cc3325f8ad468f4eadd7da,BurtonQin
649878988,21193,failed,9077,push,,2020-02-13T10:10:26Z,2020-02-13T10:42:28Z,master,90caa2cabbd46c3e712eb7216bd668dd02bb15a8,holiman
649867401,21192,failed,5938,pull_request,20665,2020-02-13T09:36:29Z,2020-02-13T10:06:55Z,master,30990760c1c88babe2a64d900252f59418f0e0b2,holiman
649790662,21191,failed,143,pull_request,20664,2020-02-13T04:23:06Z,2020-02-13T04:25:29Z,master,5c2430996e59c349e83afd1aabc38c534734b6ab,dipingxian2
649790273,21190,failed,139,pull_request,20664,2020-02-13T04:21:19Z,2020-02-13T04:23:38Z,master,2fd871bde6cfd5a1c01989be75f70f04553e3677,dipingxian2
649785718,21189,failed,144,pull_request,20664,2020-02-13T03:59:19Z,2020-02-13T04:01:43Z,master,aea0186a8e7b79bc7163491426fdf309d8f84052,dipingxian2
649534699,21188,failed,149,pull_request,20661,2020-02-12T16:34:05Z,2020-02-12T16:36:34Z,master,811222e48a9fa355c4fdc9d9d9b236196e019057,dipingxian2
649531313,21187,failed,133,pull_request,20661,2020-02-12T16:20:21Z,2020-02-12T16:22:34Z,master,180e341da6f39dead3b7b5fccce8e1ddc3b82b80,dipingxian2
649528722,21186,failed,142,pull_request,20661,2020-02-12T16:14:47Z,2020-02-12T16:17:09Z,master,d6ed257a7266c457b8562b20b45a45820ae00154,dipingxian2
649477339,21185,failed,6718,pull_request,20660,2020-02-12T14:49:41Z,2020-02-12T15:29:18Z,master,85e50549c0ff3dbe298d9adea5d26616668e06df,fjl
649475043,21184,canceled,0,pull_request,20660,,2020-02-12T14:27:31Z,master,22dc66fc87785194519a4e2bf9ea38cc7bc7defa,fjl
649473903,21183,failed,9237,push,,2020-02-12T14:21:12Z,2020-02-12T15:09:03Z,master,5f2002bbcc1ad21818d9b08badea84acac6d0481,fjl
649473468,21182,failed,9722,push,,2020-02-12T14:20:13Z,2020-02-12T14:54:38Z,master,a9614c3c9167d2da3b5c72e773e64984ab504814,fjl
649472211,21181,failed,141,pull_request,20660,2020-02-12T14:18:18Z,2020-02-12T14:20:39Z,master,2018076f2db5a7f1e97aeb4cacfe7048f17fdb82,fjl
649457893,21180,failed,140,pull_request,20661,2020-02-12T14:02:14Z,2020-02-12T14:04:34Z,master,f95f0a50b3dfccf8b67f67d70e5a84b094b428a5,dipingxian2
649453001,21179,failed,182,pull_request,20646,2020-02-12T14:00:40Z,2020-02-12T14:03:42Z,master,b270e47faf7069768b93f3211e2dbf5cc7c50869,GregTheGreek
649436300,21178,failed,144,pull_request,20660,2020-02-12T13:41:27Z,2020-02-12T13:43:51Z,master,e24534194c58f184f8bf04d52c20d25fad35a0c6,fjl
649417485,21177,passed,5861,pull_request,20657,2020-02-12T13:12:52Z,2020-02-12T13:41:22Z,master,8776fd227dc3d477ab5b742951a425aea1f1c9e8,fjl
649412558,21176,failed,5909,pull_request,20655,2020-02-12T13:08:26Z,2020-02-12T13:37:25Z,master,ad680eb835059f8f35124ab533ae08cb918b3a57,fjl
649410902,21175,failed,7412,pull_request,20657,2020-02-12T11:57:44Z,2020-02-12T12:45:09Z,master,1be13c9af567ed83df6d504be13a43bfc863c37d,fjl
649401842,21174,failed,104,push,,2020-02-12T11:31:58Z,2020-02-12T11:33:42Z,remove-specific-go-version,478b94c6728836d4aef9550e434902b093f5aa69,adamschmideg
649400692,21173,failed,100,push,,2020-02-12T11:28:45Z,2020-02-12T11:30:25Z,update-go-version,8fa8d41d799dce38b21e426e0b2f3d31463010d0,adamschmideg
649391283,21172,failed,5856,pull_request,20657,2020-02-12T11:00:31Z,2020-02-12T11:31:14Z,master,01194e45b39b528b07ecc73e8b7c397f5eb61d8c,BurtonQin
649382171,21171,failed,9323,push,,2020-02-12T10:33:50Z,2020-02-12T11:17:20Z,master,46c4b699c8b5b537416d395852a3f44fd7a45f49,fjl
649369080,21170,passed,6048,pull_request,20655,2020-02-12T10:00:20Z,2020-02-12T10:31:46Z,master,ac3ff661a24f9d90809dff3ee239f65c1fd9732c,BurtonQin
649368500,21169,failed,120,pull_request,20655,2020-02-12T09:58:38Z,2020-02-12T10:00:38Z,master,66bdbd1945e6b1962ec12aa57bedac3231068560,BurtonQin
649359462,21168,failed,9384,push,,2020-02-12T09:33:56Z,2020-02-12T10:19:34Z,master,18213281627b310ac68d22bca7c401ab5f67e1da,fjl
649357981,21167,failed,6116,pull_request,20654,2020-02-12T09:29:36Z,2020-02-12T10:00:04Z,master,61d6751c39965ec65743652665c8ea0fd009d7d4,BurtonQin
649346652,21166,failed,5941,pull_request,20653,2020-02-12T08:58:18Z,2020-02-12T09:26:39Z,master,dd97d70a6931fd1373d114c747ae4e0104cbeba4,BurtonQin
649270963,21165,errored,3455,pull_request,20652,2020-02-12T04:00:45Z,2020-02-12T04:31:31Z,master,c289f40e713bdc306435ae17e9746c057b27488f,BurtonQin
649251953,21164,failed,5786,pull_request,20650,2020-02-12T02:50:26Z,2020-02-12T03:18:49Z,master,4956cdaafa9243cb0bcdf7d13d56266a248a8bc6,BurtonQin
649025113,21163,failed,6215,pull_request,20648,2020-02-11T17:23:01Z,2020-02-11T17:58:19Z,master,e2948f871bb6be5a303e535b6e8d6205cf61fbc1,Szybka22
648973957,21162,failed,9568,push,,2020-02-11T15:56:10Z,2020-02-11T16:44:17Z,master,8045504abf64a865be4b1dbc780b796a9f5d11cc,fjl
648968655,21161,failed,9750,push,,2020-02-11T15:37:14Z,2020-02-11T16:22:39Z,master,c22fdec3c7c48bc5076cb85b92a55a68951db167,fjl
648937832,21160,failed,6169,pull_request,20643,2020-02-11T14:34:21Z,2020-02-11T15:10:36Z,master,3abe726af91465c6b82234101b28090d7f5604a8,adamschmideg
648915878,21159,passed,6059,pull_request,20643,2020-02-11T13:47:33Z,2020-02-11T14:21:10Z,master,296e93a985ccb6f08d80b9b97a2c87f65b4c435d,adamschmideg
648870957,21158,failed,6053,pull_request,20234,2020-02-11T11:57:25Z,2020-02-11T12:34:59Z,master,9be3b3b8e0cd933397e8d35d114126b1538db761,karalabe
648867600,21157,failed,5843,pull_request,20634,2020-02-11T11:48:22Z,2020-02-11T12:19:40Z,master,1334c8451df2de81c6edbda7efe1ac2e75005374,fjl
648852525,21156,passed,6213,pull_request,20234,2020-02-11T11:12:52Z,2020-02-11T11:44:32Z,master,9f84f84c2fb88ca84894dc1121341f7e3d498a14,karalabe
648850590,21155,failed,143,pull_request,20234,2020-02-11T11:07:48Z,2020-02-11T11:10:11Z,master,cea1d0a4142851552594d27562985494cd97405b,karalabe
648842907,21154,failed,170,pull_request,20234,2020-02-11T10:51:24Z,2020-02-11T10:54:14Z,master,c86d38719005dc29ac9f730676f259419b4c5ca1,karalabe
648841043,21153,failed,146,pull_request,20234,2020-02-11T10:42:47Z,2020-02-11T10:45:13Z,master,d6be531d400558c8bcbc09823932aef6e870064f,karalabe
648836121,21152,failed,6114,pull_request,20643,2020-02-11T10:42:23Z,2020-02-11T11:13:54Z,master,6c2378766254d4896dc293236536138f971f6076,adamschmideg
648826515,21151,failed,5904,pull_request,20644,2020-02-11T10:16:54Z,2020-02-11T11:07:57Z,master,e3da4ce43927f62275aa541d07c4a506898fd6bc,MariusVanDerWijden
648822746,21150,failed,9129,push,,2020-02-11T10:14:43Z,2020-02-11T10:56:14Z,master,dcffb7777fc2978cf1bb243f1ebdaa5f75d1e542,holiman
648822214,21149,canceled,0,push,,,2020-02-11T09:54:13Z,master,8694d14e655a20d70e51b7c4605d63d53de8d351,holiman
648801299,21148,failed,8957,push,,2020-02-11T08:49:32Z,2020-02-11T09:22:28Z,master,172f7778fe498c383e0bdb234aaac4f61d4a2512,fjl
648517522,21147,failed,6424,pull_request,20646,2020-02-10T17:31:39Z,2020-02-10T18:07:49Z,master,d8a968b681a461082029d9c28be5e92bc6cf3f99,GregTheGreek
648515715,21146,failed,6050,pull_request,20645,2020-02-10T17:27:03Z,2020-02-10T17:59:59Z,master,b7e09c22ae7d9d488c1f7da78c3f2c23cf864b91,MariusVanDerWijden
648448386,21145,passed,6445,pull_request,20644,2020-02-10T15:43:39Z,2020-02-10T16:31:12Z,master,3a8bdf6d215b6b811f8fd2720318a987da005c0f,MariusVanDerWijden
648412209,21144,failed,7044,pull_request,20643,2020-02-10T13:41:50Z,2020-02-10T14:29:27Z,master,db8fdb48727c16e8e592ea78b11a289aae5ab965,adamschmideg
648388101,21143,failed,137,pull_request,20234,2020-02-10T12:43:49Z,2020-02-10T12:46:06Z,master,377d37cb9abf93e0c8ab02fc72e7ee536aafcf33,karalabe
648385999,21142,failed,142,pull_request,20234,2020-02-10T12:38:33Z,2020-02-10T12:40:55Z,master,afdc4ff22783a13368d4ff3b44379126ad25764e,karalabe
648348579,21141,failed,6005,pull_request,20638,2020-02-10T10:51:44Z,2020-02-10T11:23:35Z,master,7eb9ef94cbbda312866c320263efedc179e31616,adamschmideg
648132002,21140,failed,10830,push,,2020-02-09T20:51:15Z,2020-02-09T21:32:39Z,master,34bb132b108e0c17c079d6b24524c2958306a009,fjl
648093658,21139,failed,5850,pull_request,20623,2020-02-09T18:33:10Z,2020-02-09T18:48:41Z,master,7c7e9013e2c4fb480a9681bc159340119a9492ad,fjl
648071338,21138,failed,6009,pull_request,20592,2020-02-09T16:51:42Z,2020-02-09T17:35:07Z,master,f6757945682b72410862faaa6de60a462414971d,fjl
648064915,21137,failed,8790,push,,2020-02-09T16:19:15Z,2020-02-09T17:05:00Z,master,675f4e75b868289993fa2cb9eb543532a3c80610,fjl
648063405,21136,failed,5761,pull_request,20592,2020-02-09T16:12:21Z,2020-02-09T16:43:14Z,master,7ad129533168ae483b8d4d38e43afd7be7a848a1,fjl
647502684,21135,failed,5845,pull_request,20638,2020-02-07T20:41:43Z,2020-02-07T21:09:54Z,master,7557d7e87d61baf619a2584a9f58655e095f6fb4,adamschmideg
647250549,21134,failed,8923,push,,2020-02-07T09:45:06Z,2020-02-07T10:16:44Z,master,4a231cd951faaf011cdec8fdde66a948b637718e,fjl
647157310,21133,failed,146,pull_request,20619,2020-02-07T03:00:04Z,2020-02-07T03:02:30Z,master,abc644f17a00b612db91c498dd3412cfc2c89553,gcolvin
647089373,21132,failed,6095,pull_request,20634,2020-02-06T22:32:32Z,2020-02-06T23:02:52Z,master,a6ab3f9ad7bc84a2712857f27129264972fa063c,fjl
647061943,21131,passed,6072,pull_request,20634,2020-02-06T21:21:44Z,2020-02-06T21:53:33Z,master,d7e98dd55d1cf44ad2343fc4e579888574f1039b,fjl
647026932,21130,failed,136,pull_request,20619,2020-02-06T20:03:56Z,2020-02-06T20:06:12Z,master,ad7874f78d66459e2e78339317fb65a8423b37b9,gcolvin
647005221,21129,failed,6086,pull_request,20635,2020-02-06T19:21:33Z,2020-02-06T20:02:55Z,master,b48f565867091a7737adb7921d0f68c921b365d5,nsward
646971318,21128,failed,6391,pull_request,20634,2020-02-06T17:38:29Z,2020-02-06T18:12:14Z,master,520c29721928ee8b635624a556d41944b2a33492,fjl
646963153,21127,failed,6490,pull_request,20634,2020-02-06T17:18:00Z,2020-02-06T17:55:28Z,master,9e2cce04f4a39cc05237b950adb627727056c232,fjl
646889782,21126,failed,6221,pull_request,20234,2020-02-06T14:25:57Z,2020-02-06T14:57:23Z,master,5a411b67da6fb1664408e29b7487763ed9e7778b,karalabe
646813394,21125,failed,104,push,,2020-02-06T11:04:57Z,2020-02-06T11:06:41Z,member-node-doc,aa92b4ad7c68e868f744951d4416994ad8e46255,adamschmideg
646812579,21124,failed,6058,pull_request,20234,2020-02-06T11:02:47Z,2020-02-06T11:33:45Z,master,e02cd94686ef530af2e2945a2e462406f1a452eb,karalabe
646783339,21123,failed,132,pull_request,20152,2020-02-06T09:36:43Z,2020-02-06T09:38:55Z,master,379aea82309088a1a072c5809d64185967ffdfef,holiman
