LogId,JobId
493122012,664764555
493122013,664764556
493122014,664764557
493122015,664764558
493122016,664764559
493122017,664764560
493113658,664753653
493113659,664753654
493113660,664753655
493113661,664753656
493113662,664753657
493113663,664753658
493113664,664753659
493113665,664753660
493113666,664753661
493113667,664753662
493109121,664747674
493102748,664739361
493099351,664734825
493099352,664734826
493099353,664734827
493099354,664734828
493099355,664734829
493099356,664734830
493016548,664626448
493006373,664613166
493006374,664613167
493006375,664613168
493006376,664613169
493006377,664613170
493006378,664613171
492972451,664568703
492951655,664542129
492789609,664332883
492773085,664311643
492773086,664311644
492773088,664311645
492773089,664311646
492773090,664311647
492773091,664311648
492772077,664310332
492772078,664310333
492772079,664310334
492772080,664310335
492772081,664310337
492772082,664310338
492753560,664286493
492753561,664286494
492753562,664286495
492753563,664286496
492753564,664286497
492753565,664286498
492753566,664286499
492753567,664286500
492753568,664286501
492753569,664286502
492624798,664118628
492586216,664069184
492586217,664069185
492586218,664069186
492586219,664069187
492586220,664069188
492586221,664069189
492565314,664042319
492510380,663971550
492510381,663971551
492510382,663971552
492510383,663971554
492510384,663971556
492510385,663971557
492510386,663971558
492510387,663971559
492510388,663971561
492510389,663971562
492489817,663945152
492489818,663945153
492489819,663945154
492489820,663945155
492489821,663945156
492489822,663945157
492484016,663937623
492484017,663937624
492484018,663937625
492484019,663937626
492484020,663937627
492484021,663937628
492484022,663937629
492484023,663937631
492484024,663937633
492484025,663937635
492475180,663926088
492475181,663926089
492475182,663926090
492475183,663926091
492475184,663926092
492475185,663926093
492473665,663924102
492473666,663924103
492473667,663924104
492473668,663924105
492473669,663924106
492473670,663924107
492470616,663920071
492470617,663920072
492470618,663920073
492470619,663920074
492470620,663920075
492470621,663920076
492470622,663920077
492470623,663920078
492470624,663920079
492470625,663920080
492466190,663914272
492466191,663914273
492466192,663914274
492466193,663914275
492466194,663914276
492466195,663914277
492429698,663865923
492429699,663865924
492429700,663865925
492429701,663865926
492429702,663865927
492429703,663865928
492429704,663865929
492429705,663865930
492429708,663865931
492429709,663865932
492425040,663859705
492421090,663854587
492421091,663854588
492421092,663854589
492421093,663854590
492421094,663854591
492421095,663854592
492421096,663854593
492421097,663854594
492421098,663854595
492421099,663854596
492410021,663840013
492410022,663840014
492410023,663840015
492410024,663840016
492410025,663840017
492410027,663840018
492326282,663730517
492326283,663730518
492326284,663730519
492326285,663730520
492326286,663730521
492326287,663730522
492292069,663686345
492292070,663686346
492292071,663686347
492292072,663686348
492292073,663686349
492292074,663686350
492289785,663683455
492289786,663683456
492289787,663683457
492289788,663683458
492289789,663683459
492289790,663683460
492273802,663662644
492273803,663662645
492273804,663662647
492273805,663662648
492273806,663662652
492273808,663662653
492166568,663524205
492166569,663524206
492166570,663524207
492166571,663524208
492166572,663524209
492166573,663524210
492146075,663497748
492146076,663497749
492146077,663497750
492146078,663497751
492146079,663497752
492146080,663497753
492143304,663494101
492113164,663454621
492113165,663454622
492113166,663454623
492113167,663454624
492113168,663454625
492113169,663454626
492112522,663453795
492112523,663453796
492112524,663453797
492112525,663453798
492112526,663453799
492112527,663453800
492109703,663450023
491819660,663074994
491819661,663074995
491819662,663074996
491819663,663074997
491819664,663074998
491819665,663074999
491815671,663069679
491785860,663030987
491785861,663030988
491785862,663030989
491785863,663030990
491785864,663030991
491785865,663030992
491785866,663030993
491785867,663030994
491785868,663030995
491785869,663030996
491785742,663030822
491785743,663030823
491785744,663030824
491785745,663030825
491785746,663030826
491785747,663030827
491785748,663030828
491785749,663030829
491785750,663030830
491785751,663030832
491785291,663030196
491785292,663030197
491785293,663030198
491785294,663030199
491785295,663030200
491785296,663030201
491785297,663030202
491785298,663030203
491785299,663030204
491785301,663030205
491764738,663003196
491764739,663003197
491764740,663003198
491764741,663003199
491764742,663003200
491764743,663003201
491753299,662988099
491753300,662988100
491753301,662988101
491753302,662988102
491753303,662988103
491753304,662988104
491753305,662988105
491753306,662988106
491753307,662988107
491753308,662988108
491744779,662976950
491744780,662976951
491744781,662976952
491744782,662976953
491744783,662976954
491744784,662976955
491739195,662969748
491739196,662969751
491739197,662969755
491739198,662969756
491739199,662969757
491739200,662969758
491739201,662969759
491739202,662969760
491739203,662969761
491739204,662969762
491701333,662920046
491701334,662920047
491701335,662920048
491701336,662920049
491701337,662920050
491701338,662920051
491696115,662912999
491696116,662913000
491696117,662913001
491696118,662913002
491696119,662913003
491696120,662913004
491665114,662872345
491665115,662872346
491665116,662872347
491665117,662872348
491665118,662872349
491665119,662872350
491580363,662760992
491579931,662760423
491475961,662621549
491475962,662621550
491475963,662621551
491475964,662621552
491475965,662621553
491475966,662621554
491312129,662404675
491312130,662404676
491312131,662404677
491312132,662404678
491312133,662404679
491312134,662404680
491306297,662396855
491292157,662377751
491292158,662377752
491292160,662377753
491292162,662377754
491292164,662377755
491292165,662377756
491292167,662377757
491292170,662377758
491292171,662377759
491292172,662377760
491289707,662374661
491289709,662374662
491289711,662374663
491289713,662374664
491289715,662374665
491289717,662374666
491286758,662370586
491286759,662370587
491286760,662370588
491286761,662370589
491286762,662370590
491286763,662370591
491286764,662370592
491286765,662370593
491286766,662370594
491286767,662370595
491256079,662328482
491256080,662328483
491256081,662328484
491256082,662328485
491256083,662328486
491256084,662328487
491163433,662201190
491138344,662166986
491138345,662166987
491138346,662166988
491138347,662166989
491138348,662166990
491138349,662166991
491017415,662009547
491015707,662007392
490984751,661967031
490977232,661957297
490977233,661957298
490977234,661957299
490977235,661957300
490977236,661957301
490977237,661957302
490941646,661911000
490941647,661911001
490941648,661911002
490941649,661911003
490941650,661911004
490941651,661911005
490939741,661908541
490932426,661899073
490919061,661881556
490919062,661881557
490919063,661881558
490919064,661881559
490919065,661881560
490919066,661881561
490908136,661867496
490904332,661862511
490865090,661810339
490865091,661810340
490865092,661810341
490865093,661810342
490865094,661810343
490865095,661810344
490600836,661467593
490600837,661467594
490600838,661467595
490600839,661467596
490600840,661467597
490600841,661467598
490600842,661467599
490600843,661467600
490600844,661467601
490600845,661467602
490600671,661467365
490600672,661467366
490600673,661467367
490600674,661467368
490600675,661467369
490600676,661467370
490600677,661467371
490600678,661467372
490600679,661467373
490600680,661467374
490322349,661107867
490250177,661014883
490250178,661014884
490250179,661014885
490250180,661014886
490250181,661014887
490250182,661014888
490248671,661012896
490248672,661012897
490248673,661012898
490248674,661012899
490248675,661012900
490248676,661012901
490176556,660919420
489917231,660584712
489917232,660584714
489917233,660584716
489917234,660584718
489917235,660584719
489917236,660584720
489894743,660555104
489894744,660555105
489894745,660555106
489894746,660555107
489894747,660555108
489894748,660555109
489890155,660549071
489890156,660549073
489890157,660549074
489890158,660549075
489890159,660549076
489890160,660549077
489890161,660549078
489890162,660549079
489890163,660549081
489890164,660549082
489423045,659942993
489423046,659942994
489423047,659942995
489423048,659942996
489423049,659942997
489423050,659942998
489381009,659888076
489381010,659888077
489381011,659888078
489381012,659888079
489381013,659888080
489381014,659888081
489372914,659877431
489372915,659877432
489372916,659877433
489372917,659877434
489372918,659877435
489372919,659877436
489326114,659817118
489326115,659817119
489326116,659817120
489326117,659817121
489326118,659817122
489326119,659817123
489324094,659814469
489199254,659652399
488855138,659204346
488855139,659204347
488855140,659204349
488855141,659204350
488855142,659204351
488855143,659204352
488849096,659196567
488849097,659196568
488849098,659196569
488849099,659196570
488849100,659196571
488849101,659196572
488805918,659140774
488805919,659140775
488805920,659140776
488805921,659140777
488805922,659140778
488805923,659140779
488794769,659126278
488469139,658704940
488225654,658387176
488090839,658212765
488090840,658212766
488090841,658212767
488090842,658212768
488090843,658212769
488090844,658212770
488086053,658206445
488086054,658206446
488086055,658206447
488086056,658206448
488086057,658206457
488086058,658206459
488077506,658195327
488077334,658195138
488066702,658181108
488066703,658181109
488066704,658181110
488066705,658181111
488066706,658181112
488066707,658181113
488014135,658112624
488010911,658108459
488010912,658108460
488010913,658108461
488010914,658108462
488010915,658108463
488010916,658108464
488010748,658108245
488010558,658107988
488010559,658107989
488010560,658107990
488010561,658107991
488010562,658107992
488010563,658107993
487762812,657787282
487762813,657787283
487762814,657787284
487762815,657787285
487762816,657787286
487762817,657787287
487739615,657757887
487739616,657757888
487739617,657757889
487739618,657757890
487739619,657757891
487739620,657757892
487736254,657753648
487670377,657668509
487670378,657668510
487670379,657668511
487670380,657668512
487670381,657668513
487670382,657668514
487662305,657657943
487662306,657657945
487662307,657657947
487662309,657657949
487662311,657657951
487662313,657657952
487653139,657646111
487638651,657626982
487638652,657626983
487638653,657626984
487638654,657626985
487638655,657626986
487638656,657626987
487637580,657625657
487630986,657617083
487630121,657616019
487630122,657616020
487630123,657616021
487630124,657616022
487630125,657616023
487630126,657616024
487469365,657407446
487469366,657407447
487469367,657407448
487469368,657407449
487469369,657407450
487469370,657407451
487458406,657392869
487458407,657392870
487458408,657392871
487458409,657392872
487458410,657392873
487458411,657392874
487458412,657392876
487458413,657392877
487458414,657392878
487458415,657392879
487375944,657285721
487375946,657285722
487375947,657285723
487375948,657285724
487375949,657285725
487375950,657285726
487370653,657278728
487370654,657278729
487370655,657278730
487370656,657278731
487370657,657278732
487370658,657278733
487332043,657228041
487332045,657228042
487332046,657228043
487332048,657228044
487332050,657228045
487332052,657228046
487310360,657198924
487310361,657198927
487310362,657198928
487310363,657198929
487310364,657198930
487310365,657198931
487307225,657194668
487274677,657152012
486799499,656530465
486799500,656530466
486799501,656530467
486799502,656530468
486799503,656530469
486799504,656530470
486766770,656487912
486766771,656487913
486766772,656487914
486766773,656487915
486766774,656487916
486766775,656487917
486760331,656479613
486592942,656263063
486592943,656263064
486592944,656263065
486592945,656263066
486592946,656263067
486592947,656263068
486592948,656263069
486592949,656263070
486592950,656263071
486592951,656263072
486581909,656248988
486581910,656248989
486581911,656248990
486581912,656248992
486581913,656248993
486581914,656248994
486229754,655791233
486229755,655791234
486229756,655791235
486229757,655791236
486229758,655791237
486229759,655791238
486214386,655771164
486214387,655771165
486214388,655771166
486214389,655771167
486214390,655771168
486214391,655771169
486214392,655771170
486214393,655771171
486214394,655771172
486214395,655771173
486211975,655768082
486211978,655768086
486211980,655768088
486211982,655768090
486211984,655768093
486211986,655768095
486211988,655768096
486211989,655768097
486211990,655768098
486211991,655768099
486197155,655748757
486197156,655748758
486197157,655748759
486197158,655748760
486197159,655748761
486197160,655748762
486192081,655742077
486192083,655742078
486192085,655742079
486192087,655742080
486192089,655742081
486192090,655742082
486188410,655737262
486188412,655737263
486188413,655737264
486188414,655737265
486188415,655737266
486188416,655737267
486188417,655737268
486188418,655737269
486188419,655737270
486188420,655737271
486184703,655732522
486184256,655731935
486180822,655727592
486180823,655727593
486180828,655727594
486180829,655727595
486180830,655727596
486180831,655727597
486171465,655715500
486171466,655715501
486171467,655715502
486171468,655715503
486171469,655715504
486171470,655715505
486126566,655657803
486123488,655653823
485924174,655398829
485924175,655398830
485924176,655398831
485924177,655398832
485924178,655398833
485924179,655398834
485913254,655384732
485913255,655384733
485913256,655384734
485913257,655384735
485913258,655384736
485913259,655384737
485898073,655364987
485892064,655357074
485892065,655357076
485892066,655357077
485892067,655357079
485892068,655357080
485892069,655357081
485827684,655273453
485827685,655273454
485827686,655273455
485827687,655273456
485827688,655273457
485827689,655273458
485827690,655273459
485827691,655273460
485827692,655273461
485827693,655273462
485604076,654985306
485604077,654985307
485604078,654985308
485604079,654985309
485604080,654985310
485604081,654985311
485604082,654985312
485604083,654985313
485604084,654985314
485604085,654985315
485535993,654898022
485535994,654898023
485535995,654898024
485535996,654898025
485535997,654898026
485535998,654898027
485490031,654838894
485490032,654838895
485490033,654838896
485490034,654838898
485490035,654838899
485490036,654838900
485472246,654815619
485472247,654815620
485472248,654815621
485472249,654815622
485472250,654815623
485472251,654815624
485472252,654815625
485472253,654815626
485472254,654815627
485472255,654815628
485153902,654400134
485153903,654400135
485153904,654400136
485153905,654400137
485153906,654400138
485153907,654400139
485153242,654399297
485153243,654399298
485153244,654399299
485153246,654399300
485153247,654399301
485153249,654399302
485153251,654399303
485153252,654399304
485153253,654399305
485153254,654399306
485152259,654398056
485138700,654380599
485138701,654380600
485138702,654380601
485138703,654380602
485138704,654380603
485138705,654380604
485136324,654377435
485133320,654373584
485129552,654368642
485128397,654367108
485029408,654238948
485029409,654238949
485029410,654238950
485029411,654238951
485029412,654238952
485029413,654238953
484675837,653777705
484675838,653777706
484675839,653777707
484675840,653777708
484675841,653777709
484675842,653777710
484673925,653775273
484673926,653775274
484673927,653775275
484673928,653775276
484673929,653775277
484673930,653775278
484467547,653505816
484467548,653505817
484467549,653505818
484467550,653505819
484467551,653505820
484467552,653505821
484467553,653505822
484467554,653505823
484467555,653505824
484467556,653505825
484437406,653466583
484437407,653466584
484437408,653466585
484437409,653466586
484437410,653466587
484437411,653466588
484437146,653466288
484437147,653466289
484437148,653466290
484437149,653466291
484437150,653466292
484437151,653466293
484437152,653466294
484437153,653466295
484437154,653466296
484437155,653466297
484430340,653457547
484424796,653450453
484407664,653428361
484379632,653391418
484333124,653330950
484333125,653330951
484333126,653330952
484333127,653330953
484333128,653330954
484333129,653330955
484046359,652954872
484046360,652954873
484046361,652954874
484046362,652954875
484046363,652954876
484046364,652954877
484046365,652954878
484046366,652954879
484046367,652954880
484046368,652954881
484040935,652947826
484040936,652947827
484040937,652947828
484040938,652947829
484040939,652947830
484040940,652947831
484040941,652947832
484040942,652947833
484040943,652947834
484040944,652947835
484037355,652943245
484037356,652943246
484037357,652943247
484037358,652943248
484037359,652943249
484037360,652943250
484034384,652939276
484034385,652939277
484034386,652939278
484034387,652939279
484034388,652939280
484034389,652939281
484032131,652936265
484032132,652936266
484032133,652936267
484032134,652936268
484032135,652936269
484032136,652936270
484006765,652903026
484006766,652903027
484006767,652903028
484006768,652903029
484006769,652903030
484006770,652903031
483995157,652887927
483995158,652887928
483995159,652887929
483995160,652887930
483995161,652887931
483995162,652887932
483971244,652856759
483971245,652856760
483971246,652856761
483971247,652856762
483971248,652856763
483971249,652856764
483970954,652856373
483970955,652856374
483970957,652856375
483970958,652856376
483970959,652856379
483970960,652856380
483957964,652839383
483957965,652839384
483957966,652839385
483957967,652839386
483957968,652839387
483957969,652839388
483956486,652837343
483956487,652837344
483956488,652837345
483956489,652837346
483956490,652837348
483956491,652837350
483733663,652541223
483733664,652541224
483733665,652541225
483733666,652541226
483733667,652541227
483733668,652541228
483653482,652435718
483645671,652425105
483645672,652425106
483645673,652425107
483645674,652425108
483645675,652425109
483645676,652425110
483605096,652372308
483605097,652372309
483605098,652372310
483605099,652372311
483605100,652372312
483605101,652372313
483579020,652337984
483579021,652337985
483579022,652337986
483579023,652337987
483579024,652337988
483579025,652337989
483552308,652302613
483552309,652302614
483552310,652302615
483552311,652302616
483552312,652302617
483552313,652302618
483411558,652116237
483411559,652116238
483411560,652116239
483411561,652116240
483411562,652116241
483411563,652116242
483318862,651994915
483318863,651994916
483318864,651994917
483318865,651994918
483318866,651994919
483318867,651994920
483318868,651994921
483318869,651994922
483318870,651994923
483318871,651994924
483278640,651941758
483278641,651941759
483278642,651941760
483278643,651941761
483278644,651941762
483278645,651941763
483278646,651941764
483278647,651941765
483278648,651941766
483278649,651941767
483273618,651934996
483273619,651934997
483273620,651934998
483273621,651934999
483273622,651935000
483273623,651935001
483273624,651935002
483273625,651935003
483273626,651935004
483273627,651935005
483273539,651934900
483273540,651934901
483273541,651934902
483273542,651934903
483273543,651934904
483273544,651934905
483273545,651934906
483273546,651934907
483273547,651934908
483273548,651934909
483271878,651932663
483271879,651932664
483271880,651932665
483271881,651932666
483271882,651932667
483271883,651932668
483271884,651932670
483271885,651932672
483271886,651932674
483271887,651932676
483269306,651929190
483268080,651927552
483268081,651927553
483268082,651927554
483268083,651927555
483268084,651927556
483268085,651927557
483233186,651881992
483233187,651881993
483233188,651881994
483233189,651881995
483233190,651881996
483233191,651881997
483233192,651881998
483233193,651881999
483233194,651882000
483233195,651882001
483233080,651881857
483081211,651680059
483081212,651680060
483081213,651680061
483081214,651680062
483081215,651680063
483081216,651680064
483014256,651591377
483014257,651591378
483014258,651591379
483014259,651591380
483014260,651591381
483014261,651591382
483014262,651591383
483014263,651591384
483014264,651591385
483014265,651591386
483014114,651591210
483014115,651591211
483014116,651591212
483014117,651591213
483014118,651591214
483014119,651591216
483014120,651591217
483014121,651591218
483014122,651591219
483014124,651591220
482984739,651552303
482984740,651552304
482984741,651552305
482984742,651552306
482984743,651552307
482984744,651552308
482982020,651548554
482968313,651530607
482968314,651530608
482968315,651530609
482968316,651530610
482968317,651530611
482968318,651530612
482968319,651530613
482968320,651530614
482968321,651530615
482968322,651530616
482963286,651523976
482963287,651523977
482963288,651523978
482963289,651523979
482963290,651523980
482963291,651523981
482943161,651497578
482943163,651497581
482943164,651497583
482943165,651497584
482943166,651497585
482943167,651497588
482934690,651486520
482934691,651486521
482934692,651486522
482934693,651486523
482934694,651486524
482934695,651486525
482934696,651486526
482934697,651486527
482934698,651486528
482934699,651486529
482903413,651448057
482903414,651448058
482903416,651448059
482903418,651448060
482903419,651448061
482903421,651448062
482903423,651448063
482903424,651448064
482903425,651448065
482903426,651448066
482903303,651447900
482903304,651447901
482903305,651447902
482903306,651447903
482903307,651447904
482903308,651447905
482903309,651447906
482903310,651447907
482903311,651447908
482903312,651447909
482901510,651445527
482901511,651445528
482901512,651445529
482901513,651445530
482901514,651445531
482901515,651445532
482901516,651445533
482901517,651445534
482901518,651445535
482901519,651445536
482901245,651445151
482899330,651442692
482899331,651442693
482899332,651442694
482899333,651442695
482899334,651442696
482899335,651442697
482898453,651441541
482898454,651441542
482898455,651441543
482898456,651441544
482898457,651441545
482898458,651441546
482882436,651420613
482882437,651420614
482882438,651420615
482882440,651420616
482882441,651420617
482882442,651420618
482863332,651396100
482863333,651396101
482863334,651396102
482863335,651396103
482863336,651396104
482863337,651396105
482848531,651377021
482841788,651368229
482841789,651368230
482841790,651368231
482841791,651368232
482841792,651368233
482841793,651368234
482609491,651056963
482609492,651056964
482609493,651056965
482609494,651056966
482609495,651056967
482609496,651056968
482482353,650885487
482482354,650885488
482482355,650885489
482482356,650885490
482482357,650885491
482482358,650885492
482482359,650885493
482482360,650885494
482482361,650885495
482482362,650885496
482271061,650604090
482271062,650604091
482271063,650604092
482271064,650604093
482271065,650604094
482271066,650604095
482080792,650353682
482080793,650353683
482080794,650353684
482080795,650353685
482080796,650353686
482080797,650353687
482074217,650345063
482074218,650345064
482074219,650345065
482074220,650345066
482074221,650345067
482074222,650345068
482074223,650345069
482074224,650345070
482074225,650345071
482074226,650345072
482071835,650341955
482071836,650341956
482071837,650341957
482071838,650341958
482071839,650341959
482071840,650341960
482069499,650338920
481997225,650243199
481997226,650243200
481997227,650243201
481997228,650243202
481997229,650243203
481997230,650243204
481826232,650017954
481826233,650017955
481826234,650017956
481826235,650017957
481826236,650017958
481826237,650017959
481823812,650014675
481817044,650005809
481817045,650005810
481817046,650005811
481817047,650005812
481817048,650005813
481817049,650005814
481813826,650001742
481813827,650001743
481813828,650001744
481813829,650001745
481813830,650001746
481813831,650001747
481804568,649989750
481780183,649957913
481780184,649957914
481780185,649957915
481780186,649957916
481780187,649957917
481780188,649957918
481780189,649957919
481780190,649957920
481780191,649957921
481780192,649957922
481777141,649953914
481777142,649953915
481777143,649953916
481777144,649953917
481777145,649953918
481777146,649953919
481777147,649953920
481776938,649953643
481759480,649930495
481759481,649930496
481759482,649930497
481759483,649930498
481759484,649930499
481759485,649930500
481725352,649885877
481725355,649885878
481725357,649885879
481725359,649885880
481725361,649885881
481725363,649885882
481720035,649878989
481720036,649878990
481720037,649878991
481720038,649878992
481720039,649878993
481720040,649878994
481720041,649878995
481720042,649878996
481720043,649878997
481720044,649878998
481711148,649867402
481711149,649867403
481711150,649867404
481711151,649867405
481711152,649867406
481711153,649867407
481653154,649790663
481652850,649790274
481649426,649785719
481459996,649534700
481457356,649531314
481455357,649528724
481415848,649477340
481415849,649477341
481415850,649477342
481415851,649477343
481415852,649477344
481415853,649477345
481414089,649475044
481414090,649475045
481414091,649475046
481414092,649475047
481414093,649475048
481414094,649475049
481413223,649473904
481413224,649473906
481413225,649473907
481413226,649473908
481413227,649473909
481413228,649473910
481413229,649473911
481413230,649473912
481413231,649473913
481413232,649473914
481412887,649473469
481412888,649473470
481412889,649473472
481412890,649473474
481412891,649473475
481412892,649473476
481412893,649473477
481412894,649473478
481412895,649473479
481412896,649473480
481411939,649472212
481400913,649457894
481397193,649453002
481384584,649436301
481370447,649417486
481370448,649417487
481370449,649417488
481370450,649417489
481370451,649417490
481370452,649417491
481366684,649412559
481366685,649412560
481366686,649412561
481366687,649412562
481366688,649412563
481366689,649412564
481365442,649410903
481365445,649410904
481365447,649410905
481365448,649410906
481365449,649410907
481365450,649410908
481358579,649401843
481357700,649400693
481350757,649391284
481350758,649391285
481350759,649391286
481350760,649391287
481350761,649391288
481350762,649391289
481344033,649382172
481344034,649382173
481344035,649382174
481344036,649382175
481344037,649382176
481344038,649382177
481344039,649382178
481344040,649382179
481344041,649382180
481344042,649382181
481334146,649369081
481334147,649369082
481334148,649369083
481334149,649369084
481334150,649369085
481334151,649369086
481333704,649368501
481326798,649359463
481326799,649359464
481326800,649359465
481326801,649359466
481326802,649359467
481326803,649359468
481326804,649359469
481326805,649359470
481326806,649359471
481326807,649359472
481325703,649357984
481325704,649357986
481325705,649357987
481325706,649357988
481325707,649357989
481325708,649357990
481317056,649346653
481317057,649346654
481317058,649346655
481317059,649346656
481317060,649346657
481317061,649346658
481260557,649270964
481261044,649270965
481261036,649270966
481261037,649270967
481260998,649270968
481261167,649270969
481246775,649251954
481246776,649251955
481246777,649251956
481246778,649251957
481246779,649251958
481246780,649251959
481075834,649025114
481075836,649025115
481075838,649025116
481075841,649025117
481075843,649025118
481075846,649025122
481036622,648973958
481036623,648973959
481036624,648973960
481036625,648973961
481036626,648973962
481036627,648973963
481036628,648973964
481036629,648973965
481036630,648973966
481036631,648973967
481032615,648968656
481032616,648968657
481032617,648968658
481032618,648968659
481032619,648968660
481032620,648968661
481032621,648968662
481032622,648968663
481032623,648968664
481032624,648968665
481009028,648937833
481009030,648937834
481009032,648937835
481009034,648937837
481009036,648937839
481009037,648937846
480992211,648915879
480992212,648915880
480992213,648915881
480992214,648915882
480992215,648915883
480992216,648915884
480957966,648870958
480957967,648870959
480957968,648870960
480957969,648870961
480957970,648870962
480957971,648870963
480955403,648867601
480955404,648867602
480955405,648867603
480955406,648867604
480955407,648867605
480955408,648867606
480944199,648852526
480944200,648852527
480944201,648852528
480944202,648852529
480944203,648852530
480944204,648852531
480942781,648850591
480937035,648842909
480935643,648841044
480931980,648836122
480931981,648836123
480931982,648836124
480931983,648836125
480931984,648836126
480931985,648836127
480924734,648826516
480924735,648826517
480924736,648826518
480924737,648826519
480924738,648826520
480924739,648826521
480921857,648822747
480921858,648822748
480921859,648822749
480921860,648822750
480921861,648822751
480921862,648822752
480921863,648822753
480921864,648822754
480921865,648822755
480921866,648822756
480921435,648822215
480921436,648822216
480921437,648822217
480921438,648822218
480921439,648822219
480921440,648822220
480921441,648822221
480921442,648822222
480921443,648822223
480921444,648822224
480905603,648801300
480905604,648801301
480905605,648801302
480905606,648801303
480905607,648801304
480905608,648801305
480905609,648801306
480905610,648801307
480905611,648801308
480905612,648801309
480690149,648517523
480690150,648517524
480690151,648517525
480690152,648517526
480690153,648517527
480690154,648517528
480688787,648515716
480688788,648515717
480688789,648515718
480688790,648515719
480688791,648515720
480688792,648515721
480637287,648448387
480637288,648448390
480637289,648448391
480637291,648448392
480637292,648448393
480637293,648448394
480610173,648412210
480610174,648412211
480610175,648412212
480610176,648412213
480610177,648412214
480610178,648412215
480592102,648388102
480590569,648386000
480562572,648348580
480562573,648348581
480562574,648348582
480562575,648348583
480562576,648348584
480562577,648348585
480398343,648132005
480398344,648132008
480398345,648132010
480398346,648132012
480398347,648132014
480398348,648132016
480398351,648132018
480398353,648132021
480398355,648132023
480398357,648132025
480369972,648093659
480369973,648093660
480369974,648093661
480369975,648093662
480369976,648093663
480369977,648093664
480353202,648071339
480353203,648071340
480353204,648071341
480353205,648071342
480353206,648071343
480353207,648071344
480348466,648064916
480348467,648064917
480348468,648064918
480348469,648064919
480348470,648064920
480348471,648064921
480348472,648064922
480348473,648064923
480348474,648064924
480348475,648064925
480347342,648063406
480347343,648063407
480347344,648063408
480347345,648063409
480347346,648063410
480347347,648063413
479929141,647502685
479929142,647502686
479929143,647502687
479929144,647502688
479929145,647502689
479929146,647502690
479736206,647250550
479736207,647250551
479736208,647250552
479736209,647250553
479736210,647250554
479736211,647250555
479736212,647250556
479736213,647250557
479736214,647250558
479736215,647250559
479665593,647157311
479614577,647089374
479614578,647089375
479614579,647089376
479614580,647089377
479614581,647089378
479614582,647089379
479594024,647061944
479594025,647061945
479594026,647061946
479594027,647061947
479594028,647061948
479594029,647061949
479567663,647026934
479551375,647005222
479551376,647005223
479551377,647005224
479551378,647005225
479551379,647005226
479551380,647005227
479525380,646971319
479525381,646971320
479525382,646971321
479525383,646971322
479525384,646971323
479525385,646971326
479519087,646963154
479519088,646963155
479519089,646963156
479519090,646963157
479519091,646963158
479519092,646963159
479463011,646889783
479463012,646889784
479463013,646889785
479463014,646889786
479463015,646889787
479463016,646889788
479404856,646813395
479404234,646812581
479404235,646812583
479404236,646812586
479404237,646812587
479404238,646812589
479404239,646812592
479381940,646783340
